timestamp,category,team,achievement,context
2022-02-24 16:48:17,category field,team involved,description of achievement,context of the report
2022-02-24 20:20:39,sd,343,df,454
2022-02-24 20:21:04,auto,simon,test4,45
2022-02-24 20:21:19,ut,hhg,hit,ge
2022-02-24 20:21:42,test,er,rt,45
2022-02-24 20:23:02,ere,re,r,eer
2022-02-24 20:23:24,rt5t,5,555555,65
2022-02-24 20:23:42,565,65,565,56
2022-02-24 20:23:56,df,dffdf,dfd,df
2022-02-24 20:24:02,df,df,dfdf,dfd
2022-02-24 20:24:08,rt,ty,676,yt
2022-02-24 20:24:15,fgfg,gth,6y,6ytg
2022-03-08 10:54:47,test,test1,test2,test3
2022-03-08 11:29:35,simon,s1,s2,s3
